{
    "name": "root",
    "metadata": {
        "timer_format_version": "0.1.0",
        "start_time_seconds": "1746513469",
        "python_version": "3.10.12 | packaged by Anaconda, Inc. | (main, Jul  5 2023, 19:01:18) [MSC v.1916 64 bit (AMD64)]",
        "command_line_arguments": "C:\\Users\\deepa\\miniconda3\\envs\\mlagents\\Scripts\\mlagents-learn --run-id=turtle1 --resume",
        "mlagents_version": "1.1.0",
        "mlagents_envs_version": "1.1.0",
        "communication_protocol_version": "1.5.0",
        "pytorch_version": "2.2.2+cu121",
        "numpy_version": "1.23.5",
        "end_time_seconds": "1746513819"
    },
    "total": 350.11646700000074,
    "count": 1,
    "self": 0.008493500001350185,
    "children": {
        "run_training.setup": {
            "total": 0.11149529999966035,
            "count": 1,
            "self": 0.11149529999966035
        },
        "TrainerController.start_learning": {
            "total": 349.99647819999973,
            "count": 1,
            "self": 0.41488029993070086,
            "children": {
                "TrainerController._reset_env": {
                    "total": 19.7132574999996,
                    "count": 1,
                    "self": 19.7132574999996
                },
                "TrainerController.advance": {
                    "total": 329.50055870006963,
                    "count": 16456,
                    "self": 0.43193539991534635,
                    "children": {
                        "env_step": {
                            "total": 323.48676230007095,
                            "count": 16456,
                            "self": 240.2047892001001,
                            "children": {
                                "SubprocessEnvManager._take_step": {
                                    "total": 83.01018929996644,
                                    "count": 16457,
                                    "self": 1.389725299998645,
                                    "children": {
                                        "TorchPolicy.evaluate": {
                                            "total": 81.6204639999678,
                                            "count": 16448,
                                            "self": 81.6204639999678
                                        }
                                    }
                                },
                                "workers": {
                                    "total": 0.27178380000441393,
                                    "count": 16455,
                                    "self": 0.0,
                                    "children": {
                                        "worker_root": {
                                            "total": 217.35922370002572,
                                            "count": 16455,
                                            "is_parallel": true,
                                            "self": 111.83989089999977,
                                            "children": {
                                                "steps_from_proto": {
                                                    "total": 0.04076029999941966,
                                                    "count": 2,
                                                    "is_parallel": true,
                                                    "self": 0.0010393000002295594,
                                                    "children": {
                                                        "_process_rank_one_or_two_observation": {
                                                            "total": 0.0397209999991901,
                                                            "count": 4,
                                                            "is_parallel": true,
                                                            "self": 0.0397209999991901
                                                        }
                                                    }
                                                },
                                                "UnityEnvironment.step": {
                                                    "total": 105.47857250002653,
                                                    "count": 16455,
                                                    "is_parallel": true,
                                                    "self": 1.596180299929074,
                                                    "children": {
                                                        "UnityEnvironment._generate_step_input": {
                                                            "total": 1.4591955000942107,
                                                            "count": 16455,
                                                            "is_parallel": true,
                                                            "self": 1.4591955000942107
                                                        },
                                                        "communicator.exchange": {
                                                            "total": 97.61242739996123,
                                                            "count": 16455,
                                                            "is_parallel": true,
                                                            "self": 97.61242739996123
                                                        },
                                                        "steps_from_proto": {
                                                            "total": 4.810769300042011,
                                                            "count": 16455,
                                                            "is_parallel": true,
                                                            "self": 3.047702499967272,
                                                            "children": {
                                                                "_process_rank_one_or_two_observation": {
                                                                    "total": 1.7630668000747391,
                                                                    "count": 32910,
                                                                    "is_parallel": true,
                                                                    "self": 1.7630668000747391
                                                                }
                                                            }
                                                        }
                                                    }
                                                }
                                            }
                                        }
                                    }
                                }
                            }
                        },
                        "trainer_advance": {
                            "total": 5.581861000083336,
                            "count": 16455,
                            "self": 0.46470090012462606,
                            "children": {
                                "process_trajectory": {
                                    "total": 2.1259929999587257,
                                    "count": 16455,
                                    "self": 2.1259929999587257
                                },
                                "_update_policy": {
                                    "total": 2.991167099999984,
                                    "count": 1,
                                    "self": 1.6610482999985834,
                                    "children": {
                                        "TorchPPOOptimizer.update": {
                                            "total": 1.3301188000014008,
                                            "count": 30,